free_text,label_id
Check inbox hoặc gọi mình 0983706408 để lấy hàng,0
"Kiếm tiền triệu mỗi ngày, click https://zalo.me/mkrouuci",3
"Thu mua sim số đẹp giá cao, liên hệ 0986439417",3
"Bán số lô số đề chuẩn 100%, add zalo 0819791747",3
"Hỗ trợ mình qua số 0779850134 với, app bị lỗi",0
Check inbox hoặc gọi mình 0882821806 để lấy hàng,0
"Web cá độ uy tín, nạp đầu tặng 100%, link https://gg.gg/werre1kz",3
Đây là link driver ảnh hôm qua nhé: https://bit.ly/ud61t453,0
Cho mình đặt phòng số 0886158861 nhé shop,0
"Mình cần đặt lịch khám, sđt 0881213938",0
Check inbox hoặc gọi mình 0819799194 để lấy hàng,0
Nhận quà tri ân từ Shopee tại https://bit.ly/k8byyckt,3
Nhận làm chứng chỉ ngoại ngữ giá rẻ 0357941187,3
"Tuyển CTV online lương 10tr/tháng, ib zalo 0776949145",3
Tư vấn cho mình qua zalo 0355778139 với ạ,0
Cho mình đặt phòng số 0889418469 nhé shop,0
"Vay vốn nhanh không thế chấp, alo 0345301501",3
Cho mình đặt phòng số 0981973151 nhé shop,0
"Cần tiền gọi ngay 0779711875, hỗ trợ nợ xấu",3
Nhận ngay 500k tiền thưởng tại https://tinyurl.com/y3em65zy,3
Nhận ngay 500k tiền thưởng tại https://gg.gg/q46eewsd,3
"Bạn trúng thưởng 1 xe SH, xác thực tại https://shope.ee/24q6uexc",3
"Việc nhẹ lương cao tại nhà, liên hệ ngay 0812302755",3
"Tuyển CTV online lương 10tr/tháng, ib zalo 0346193492",3
Cho mình đặt phòng số 0817033048 nhé shop,0
"Số của mình là 0776491560, có gì alo nha",0
"Game nổ hũ cực lớn, click https://zalo.me/6abxvyko nhận code",3
Nhận làm chứng chỉ ngoại ngữ giá rẻ 0347997715,3
"Số của mình là 0819128109, có gì alo nha",0
"Gái gọi cao cấp, xem ảnh tại https://t.me/6xcj7yyx",3
"Thu mua sim số đẹp giá cao, liên hệ 0334381395",3
"Web cá độ uy tín, nạp đầu tặng 100%, link https://bit.ly/a2hdnk1a",3
"Tài khoản bị khóa, vào https://bit.ly/xdy9mxfa để mở",3
"Hack vàng, hack kim cương cực uy tín tại https://tinyurl.com/lnfukz5o",3
"Việc nhẹ lương cao tại nhà, liên hệ ngay 0818118024",3
Check inbox hoặc gọi mình 0353301502 để lấy hàng,0
Check inbox hoặc gọi mình 0912815358 để lấy hàng,0
"Check đơn giúp mình, sđt mình 0349909780",0
Mọi người xem menu quán ở đây nha: https://zalo.me/7q29t35k,0
"Bên mình cung cấp phôi bằng các loại, alo 0772554873",3
"Game nổ hũ cực lớn, click https://tinyurl.com/aoxi33wb nhận code",3
"Cơ hội làm giàu không khó, truy cập https://t.me/a8ac90pn",3
Shop gọi lại số 0359735692 tư vấn tour nhé,0
"Hack vàng, hack kim cương cực uy tín tại https://bit.ly/jdhans3l",3
"Cơ hội làm giàu không khó, truy cập https://shope.ee/yrzhrsc1",3
Có gì cứ liên hệ tớ qua 0881965605 nha bạn,0
"Hỗ trợ mình qua số 0902646215 với, app bị lỗi",0
"Vay vốn nhanh không thế chấp, alo 0818051700",3
"Việc nhẹ lương cao tại nhà, liên hệ ngay 0907491018",3
"Cần thuê phòng gấp, alo mình 0903284647",0
Có gì cứ liên hệ tớ qua 0881368511 nha bạn,0
"Cơ hội làm giàu không khó, truy cập https://bit.ly/mm1lsdqk",3
Bạn ơi gọi mình số 0883087756 để chốt lịch nhé,0
Có gì cứ liên hệ tớ qua 0778345602 nha bạn,0
"Việc nhẹ lương cao tại nhà, liên hệ ngay 0792554581",3
Cho mình đặt phòng số 0916374272 nhé shop,0
Gửi mình thông tin qua https://t.me/sb6tgzel nhé,0
Nhận ngay 500k tiền thưởng tại https://bit.ly/s5d967v3,3
"Cơ hội làm giàu không khó, truy cập https://bit.ly/wirg8n42",3
Nhận quà tri ân từ Shopee tại https://tinyurl.com/pea2mhev,3
"Hỗ trợ mình qua số 0354091455 với, app bị lỗi",0
"Mình cần đặt lịch khám, sđt 0916773678",0
"Hack vàng, hack kim cương cực uy tín tại https://tinyurl.com/8p2c4b64",3
Nhận ngay 500k tiền thưởng tại https://t.me/4whpap2w,3
"Game nổ hũ cực lớn, click https://zalo.me/v05k24az nhận code",3
"Shop ơi số mình 0919594900, ship cho mình nhé",0
Mọi người xem menu quán ở đây nha: https://gg.gg/451bw4ww,0
Nhận quà tri ân từ Shopee tại https://gg.gg/xmez6aae,3
"Thu mua sim số đẹp giá cao, liên hệ 0775136829",3
Nhận quà tri ân từ Shopee tại https://shope.ee/m1vr3xkx,3
"Bạn trúng thưởng 1 xe SH, xác thực tại https://t.me/l7a98fqo",3
"Kiếm tiền triệu mỗi ngày, click https://t.me/mqbuf0tm",3
"Kiếm tiền triệu mỗi ngày, click https://t.me/ftoftl5e",3
Link shopee mình mua cái này nè: https://gg.gg/t40yp5pk,0
"Cơ hội làm giàu không khó, truy cập https://tinyurl.com/7t2smuhi",3
Có gì cứ liên hệ tớ qua 0884166294 nha bạn,0
"Game nổ hũ cực lớn, click https://bit.ly/yf3owk6n nhận code",3
Nhận ngay 500k tiền thưởng tại https://shope.ee/gzrob5gv,3
"Thu mua sim số đẹp giá cao, liên hệ 0335448583",3
"Kiếm tiền triệu mỗi ngày, click https://tinyurl.com/e73zlywb",3
Nhận quà tri ân từ Shopee tại https://gg.gg/3ds5180s,3
"Tài khoản bị khóa, vào https://bit.ly/me5e78e4 để mở",3
Nhận quà tri ân từ Shopee tại https://zalo.me/pn6oz1mb,3
Shop gọi lại số 0382577199 tư vấn tour nhé,0
"Cơ hội làm giàu không khó, truy cập https://t.me/7eybp6wu",3
"Kiếm tiền triệu mỗi ngày, click https://tinyurl.com/gui3bp5x",3
Shop gọi lại số 0798433550 tư vấn tour nhé,0
"Tuyển CTV online lương 10tr/tháng, ib zalo 0332926384",3
"Số của mình là 0889934317, có gì alo nha",0
Check inbox hoặc gọi mình 0813854800 để lấy hàng,0
"Cần thuê phòng gấp, alo mình 0912726854",0
"Mình cần đặt lịch khám, sđt 0911921479",0
"Việc nhẹ lương cao tại nhà, liên hệ ngay 0342568677",3
Có gì cứ liên hệ tớ qua 0905042390 nha bạn,0
Link đăng ký sự kiện cho ai cần: https://zalo.me/y1k86af3,0
"Số của mình là 0339375385, có gì alo nha",0
Đây là link driver ảnh hôm qua nhé: https://tinyurl.com/82238fh1,0
"Việc nhẹ lương cao tại nhà, liên hệ ngay 0347970200",3
"Web cá độ uy tín, nạp đầu tặng 100%, link https://tinyurl.com/bpt3hhue",3
"Cần thuê phòng gấp, alo mình 0348587922",0
"Bán bằng lái xe, hồ sơ gốc liên hệ 0884087136",3
Link shopee mình mua cái này nè: https://zalo.me/s01v2hiy,0
"Tuyển CTV online lương 10tr/tháng, ib zalo 0981427555",3
Đây là link driver ảnh hôm qua nhé: https://gg.gg/ud537d9l,0
Link tài liệu học tập đây nhé mn: https://bit.ly/kasjm2po,0
Nhận làm chứng chỉ ngoại ngữ giá rẻ 0816150347,3
Link đăng ký sự kiện cho ai cần: https://shope.ee/yz8jf58g,0
"Số của mình là 0354780870, có gì alo nha",0
Gửi mình thông tin qua https://zalo.me/4dxt9hp8 nhé,0
"Kiếm tiền triệu mỗi ngày, click https://bit.ly/d803zhwx",3
"Tuyển CTV online lương 10tr/tháng, ib zalo 0812574125",3
"Gái gọi cao cấp, xem ảnh tại https://t.me/u6k4fp5q",3
"Dịch vụ thám tử tư bảo mật, hotline 0909973905",3
"Bán bằng lái xe, hồ sơ gốc liên hệ 0384722168",3
"Tài khoản bị khóa, vào https://bit.ly/m2054lef để mở",3
Gửi mình thông tin qua https://gg.gg/ajlt2ybv nhé,0
"Bán bằng lái xe, hồ sơ gốc liên hệ 0811649518",3
"Check đơn giúp mình, sđt mình 0916980863",0
Shop gọi lại số 0343235562 tư vấn tour nhé,0
"Cần tiền gọi ngay 0814137994, hỗ trợ nợ xấu",3
"Vay vốn nhanh không thế chấp, alo 0814097595",3
Đây là link driver ảnh hôm qua nhé: https://bit.ly/pnsqw95r,0
"Bán bằng lái xe, hồ sơ gốc liên hệ 0339653110",3
Link shopee mình mua cái này nè: https://t.me/5dsa8x5w,0
"Mình cần đặt lịch khám, sđt 0351859982",0
Nhận ngay 500k tiền thưởng tại https://t.me/76n800df,3
"Thu mua sim số đẹp giá cao, liên hệ 0774100680",3
"Bên mình cung cấp phôi bằng các loại, alo 0792776544",3
"Hỗ trợ mình qua số 0813188903 với, app bị lỗi",0
Bạn ơi gọi mình số 0335279127 để chốt lịch nhé,0
Gửi mình thông tin qua https://bit.ly/yrp6n8qi nhé,0
"Web cá độ uy tín, nạp đầu tặng 100%, link https://t.me/vvq7jgmi",3
Link shopee mình mua cái này nè: https://shope.ee/st73m673,0
"Hỗ trợ mình qua số 0774688184 với, app bị lỗi",0
"Bán bằng lái xe, hồ sơ gốc liên hệ 0381856218",3
Link shopee mình mua cái này nè: https://gg.gg/p18gk1bl,0
"Dịch vụ thám tử tư bảo mật, hotline 0911203900",3
"Kiếm tiền triệu mỗi ngày, click https://zalo.me/zc7qnb36",3
Link đăng ký sự kiện cho ai cần: https://zalo.me/fe6upsni,0
"Gái gọi cao cấp, xem ảnh tại https://t.me/0jkq0rj5",3
Có gì cứ liên hệ tớ qua 0775128955 nha bạn,0
Shop gọi lại số 0881905449 tư vấn tour nhé,0
Có gì cứ liên hệ tớ qua 0916513323 nha bạn,0
"Bán bằng lái xe, hồ sơ gốc liên hệ 0799413908",3
"Vay vốn nhanh không thế chấp, alo 0346142245",3
"Dịch vụ thám tử tư bảo mật, hotline 0332392990",3
"Mình cần đặt lịch khám, sđt 0912730962",0
"Tài khoản bị khóa, vào https://gg.gg/s70iv77o để mở",3
"Cần thuê phòng gấp, alo mình 0385004895",0
Check inbox hoặc gọi mình 0339853011 để lấy hàng,0
Bạn ơi gọi mình số 0814569733 để chốt lịch nhé,0
"Web cá độ uy tín, nạp đầu tặng 100%, link https://zalo.me/mdqatsl9",3
Nhận quà tri ân từ Shopee tại https://zalo.me/qtaorsxm,3
Nhận làm chứng chỉ ngoại ngữ giá rẻ 0347735050,3
Gửi mình thông tin qua https://bit.ly/26jkl1zr nhé,0
"Game nổ hũ cực lớn, click https://shope.ee/41muyt84 nhận code",3
"Tuyển CTV online lương 10tr/tháng, ib zalo 0982460257",3
"Gái gọi cao cấp, xem ảnh tại https://gg.gg/zjkjes88",3
Cho mình đặt phòng số 0797310635 nhé shop,0
"Bán bằng lái xe, hồ sơ gốc liên hệ 0916379407",3
"Kiếm tiền triệu mỗi ngày, click https://shope.ee/nm7chkfv",3
"Web cá độ uy tín, nạp đầu tặng 100%, link https://gg.gg/qssbr1ay",3
Check inbox hoặc gọi mình 0816061416 để lấy hàng,0
"Kiếm tiền triệu mỗi ngày, click https://gg.gg/mu5uo64w",3
"Tài khoản bị khóa, vào https://shope.ee/3uezojwy để mở",3
"Bán số lô số đề chuẩn 100%, add zalo 0331876517",3
"Bạn trúng thưởng 1 xe SH, xác thực tại https://t.me/wl5uij58",3
"Shop ơi số mình 0353397152, ship cho mình nhé",0
"Hỗ trợ mình qua số 0773809832 với, app bị lỗi",0
"Web cá độ uy tín, nạp đầu tặng 100%, link https://bit.ly/lcl9ovtw",3
"Ai cần tư vấn cứ gọi 0819641095, mình rảnh lúc 5h",0
Nhận quà tri ân từ Shopee tại https://tinyurl.com/y28ewpvc,3
"Thu mua sim số đẹp giá cao, liên hệ 0357869600",3
"Hack vàng, hack kim cương cực uy tín tại https://tinyurl.com/wiihkp86",3
Cho mình đặt phòng số 0812544401 nhé shop,0
"Mình cần đặt lịch khám, sđt 0819586696",0
Nhận ngay 500k tiền thưởng tại https://shope.ee/63bgbvlq,3
Mọi người xem menu quán ở đây nha: https://shope.ee/2rpgnhht,0
Cho mình đặt phòng số 0916573296 nhé shop,0
"Tuyển CTV online lương 10tr/tháng, ib zalo 0904075963",3
Bạn ơi gọi mình số 0359525603 để chốt lịch nhé,0
"Tài khoản bị khóa, vào https://tinyurl.com/z8ai4wtw để mở",3
"Game nổ hũ cực lớn, click https://bit.ly/f9js1fvz nhận code",3
"Web cá độ uy tín, nạp đầu tặng 100%, link https://bit.ly/qn1q1kqx",3
"Việc nhẹ lương cao tại nhà, liên hệ ngay 0987141806",3
Có gì cứ liên hệ tớ qua 0984109735 nha bạn,0
"Số của mình là 0772804565, có gì alo nha",0
"Gái gọi cao cấp, xem ảnh tại https://gg.gg/g9ypw4sa",3
"Số của mình là 0339162167, có gì alo nha",0
Cho mình đặt phòng số 0881212140 nhé shop,0
Cho mình đặt phòng số 0336239286 nhé shop,0
"Check đơn giúp mình, sđt mình 0988740592",0
Gửi mình thông tin qua https://gg.gg/3cxbk090 nhé,0
Link shopee mình mua cái này nè: https://shope.ee/cggjeabd,0
"Vay vốn nhanh không thế chấp, alo 0799425045",3
Mọi người xem menu quán ở đây nha: https://t.me/5al4utgx,0
Gửi mình thông tin qua https://gg.gg/efxbmw0v nhé,0
Nhận quà tri ân từ Shopee tại https://gg.gg/4f3kmicr,3
Check inbox hoặc gọi mình 0914252390 để lấy hàng,0
"Bán bằng lái xe, hồ sơ gốc liên hệ 0919628903",3
Mọi người xem menu quán ở đây nha: https://t.me/1rcx0t2y,0
"Dịch vụ thám tử tư bảo mật, hotline 0986100859",3
Gọi mình số 0385809962 để lấy mã xác nhận đơn hàng,0
"Bán số lô số đề chuẩn 100%, add zalo 0338469431",3
"Thu mua sim số đẹp giá cao, liên hệ 0381964864",3
Gọi mình số 0338581140 để lấy mã xác nhận đơn hàng,0
"Cần tiền gọi ngay 0881764731, hỗ trợ nợ xấu",3
"Check đơn giúp mình, sđt mình 0343547242",0
Link đăng ký sự kiện cho ai cần: https://gg.gg/qbas6nkf,0
"Số của mình là 0382784688, có gì alo nha",0
Link tài liệu học tập đây nhé mn: https://gg.gg/h0u5gfow,0
Có gì cứ liên hệ tớ qua 0884982065 nha bạn,0
"Kiếm tiền triệu mỗi ngày, click https://zalo.me/tprfuozv",3
"Shop ơi số mình 0771881355, ship cho mình nhé",0
"Cần tiền gọi ngay 0384172004, hỗ trợ nợ xấu",3
Link shopee mình mua cái này nè: https://zalo.me/urugwi9k,0
"Web cá độ uy tín, nạp đầu tặng 100%, link https://tinyurl.com/iydx4won",3
Bạn ơi gọi mình số 0335299390 để chốt lịch nhé,0
"Bạn trúng thưởng 1 xe SH, xác thực tại https://tinyurl.com/ix4tn1om",3
Cho mình đặt phòng số 0905481626 nhé shop,0
"Tài khoản bị khóa, vào https://shope.ee/20q7cgzu để mở",3
Shop gọi lại số 0333015423 tư vấn tour nhé,0
"Bán bằng lái xe, hồ sơ gốc liên hệ 0351999941",3
"Dịch vụ thám tử tư bảo mật, hotline 0881733249",3
Cho mình đặt phòng số 0915580561 nhé shop,0
Nhận làm chứng chỉ ngoại ngữ giá rẻ 0332407180,3
Check inbox hoặc gọi mình 0389208643 để lấy hàng,0
Nhận ngay 500k tiền thưởng tại https://tinyurl.com/2ndpa79p,3
Mọi người xem menu quán ở đây nha: https://bit.ly/9c66x0ih,0
"Cần thuê phòng gấp, alo mình 0355738378",0
"Ai cần tư vấn cứ gọi 0888501667, mình rảnh lúc 5h",0
Bạn ơi gọi mình số 0388454955 để chốt lịch nhé,0
Gọi mình số 0777702202 để lấy mã xác nhận đơn hàng,0
"Hack vàng, hack kim cương cực uy tín tại https://t.me/5gkvaouy",3
"Cơ hội làm giàu không khó, truy cập https://gg.gg/dhb2p3th",3
Link đăng ký sự kiện cho ai cần: https://zalo.me/03e3l81y,0
Mọi người xem menu quán ở đây nha: https://shope.ee/kobopy19,0
Gọi mình số 0779723358 để lấy mã xác nhận đơn hàng,0
"Hack vàng, hack kim cương cực uy tín tại https://gg.gg/v6l52g1r",3
Cho mình đặt phòng số 0799078096 nhé shop,0
"Bán bằng lái xe, hồ sơ gốc liên hệ 0347665984",3
Nhận làm chứng chỉ ngoại ngữ giá rẻ 0889477404,3
"Web cá độ uy tín, nạp đầu tặng 100%, link https://bit.ly/im947vpy",3
"Tuyển CTV online lương 10tr/tháng, ib zalo 0799955798",3
"Tài khoản bị khóa, vào https://tinyurl.com/ualnvraj để mở",3
"Web cá độ uy tín, nạp đầu tặng 100%, link https://shope.ee/y7r5evoy",3
"Check đơn giúp mình, sđt mình 0917893320",0
"Hỗ trợ mình qua số 0345428692 với, app bị lỗi",0
Link shopee mình mua cái này nè: https://zalo.me/pouv978y,0
Link đăng ký sự kiện cho ai cần: https://t.me/xlkibpkv,0
"Thu mua sim số đẹp giá cao, liên hệ 0798902575",3
Nhận ngay 500k tiền thưởng tại https://shope.ee/qn21b6xm,3
"Check đơn giúp mình, sđt mình 0354094813",0
Gọi mình số 0341582282 để lấy mã xác nhận đơn hàng,0
Mọi người xem menu quán ở đây nha: https://shope.ee/qz1flyrs,0
Link đăng ký sự kiện cho ai cần: https://tinyurl.com/7ke6t1b9,0
"Bạn trúng thưởng 1 xe SH, xác thực tại https://t.me/8tuwu047",3
"Thu mua sim số đẹp giá cao, liên hệ 0903407386",3
Gọi mình số 0817619861 để lấy mã xác nhận đơn hàng,0
"Hỗ trợ mình qua số 0385318205 với, app bị lỗi",0
"Bạn trúng thưởng 1 xe SH, xác thực tại https://tinyurl.com/6fkeu86x",3
Bạn ơi gọi mình số 0343997680 để chốt lịch nhé,0
Cho mình đặt phòng số 0905281456 nhé shop,0
"Tài khoản bị khóa, vào https://gg.gg/gp31pqvn để mở",3
Tư vấn cho mình qua zalo 0984354595 với ạ,0
Có gì cứ liên hệ tớ qua 0889670691 nha bạn,0
Có gì cứ liên hệ tớ qua 0988271260 nha bạn,0
"Dịch vụ thám tử tư bảo mật, hotline 0338580363",3
"Bên mình cung cấp phôi bằng các loại, alo 0817427668",3
"Số của mình là 0911442447, có gì alo nha",0
"Bán bằng lái xe, hồ sơ gốc liên hệ 0885026864",3
"Thu mua sim số đẹp giá cao, liên hệ 0814125561",3
"Dịch vụ thám tử tư bảo mật, hotline 0382462716",3
"Số của mình là 0382576742, có gì alo nha",0
"Số của mình là 0791110879, có gì alo nha",0
"Game nổ hũ cực lớn, click https://bit.ly/7sqadi9m nhận code",3
"Hỗ trợ mình qua số 0347509871 với, app bị lỗi",0
Cho mình đặt phòng số 0775063366 nhé shop,0
"Game nổ hũ cực lớn, click https://gg.gg/aiuw6xmb nhận code",3
"Bán số lô số đề chuẩn 100%, add zalo 0342384465",3
"Bán bằng lái xe, hồ sơ gốc liên hệ 0346150390",3
"Cần thuê phòng gấp, alo mình 0333843263",0
"Thu mua sim số đẹp giá cao, liên hệ 0793085616",3
Link đăng ký sự kiện cho ai cần: https://zalo.me/3j16p13j,0
Gửi mình thông tin qua https://t.me/hv49mmq9 nhé,0
"Gái gọi cao cấp, xem ảnh tại https://t.me/hxno023t",3
Gửi mình thông tin qua https://t.me/rl7bvj8r nhé,0
Check inbox hoặc gọi mình 0985959774 để lấy hàng,0
"Số của mình là 0342446804, có gì alo nha",0
"Việc nhẹ lương cao tại nhà, liên hệ ngay 0905852595",3
"Cần tiền gọi ngay 0908348260, hỗ trợ nợ xấu",3
Bạn ơi gọi mình số 0914158839 để chốt lịch nhé,0
Cho mình đặt phòng số 0982530457 nhé shop,0
Nhận ngay 500k tiền thưởng tại https://t.me/vwfo7glg,3
"Việc nhẹ lương cao tại nhà, liên hệ ngay 0771833047",3
Check inbox hoặc gọi mình 0385578562 để lấy hàng,0
"Web cá độ uy tín, nạp đầu tặng 100%, link https://tinyurl.com/x6fsbvsp",3
"Kiếm tiền triệu mỗi ngày, click https://t.me/loqg3ist",3
"Cơ hội làm giàu không khó, truy cập https://tinyurl.com/nt3w3a89",3
Nhận làm chứng chỉ ngoại ngữ giá rẻ 0901061906,3
"Gái gọi cao cấp, xem ảnh tại https://t.me/c1odobyr",3
Gửi mình thông tin qua https://gg.gg/xfdech2q nhé,0
"Thu mua sim số đẹp giá cao, liên hệ 0884715360",3
"Hỗ trợ mình qua số 0359885598 với, app bị lỗi",0
"Bán số lô số đề chuẩn 100%, add zalo 0387471470",3
Nhận làm chứng chỉ ngoại ngữ giá rẻ 0818188348,3
"Cần thuê phòng gấp, alo mình 0915124093",0
"Web cá độ uy tín, nạp đầu tặng 100%, link https://bit.ly/9qv7fs4g",3
"Vay vốn nhanh không thế chấp, alo 0358148499",3
"Dịch vụ thám tử tư bảo mật, hotline 0777536710",3
Check inbox hoặc gọi mình 0347700546 để lấy hàng,0
"Mình cần đặt lịch khám, sđt 0817643264",0
"Cần tiền gọi ngay 0793690458, hỗ trợ nợ xấu",3
"Cơ hội làm giàu không khó, truy cập https://gg.gg/sxv069zu",3
"Dịch vụ thám tử tư bảo mật, hotline 0983734178",3
Link tài liệu học tập đây nhé mn: https://gg.gg/j0uza20l,0
"Bán số lô số đề chuẩn 100%, add zalo 0343433380",3
"Web cá độ uy tín, nạp đầu tặng 100%, link https://t.me/zqbjzlwz",3
Nhận quà tri ân từ Shopee tại https://shope.ee/07yz856v,3
Đây là link driver ảnh hôm qua nhé: https://bit.ly/1a7eslb1,0
Check inbox hoặc gọi mình 0772493553 để lấy hàng,0
"Web cá độ uy tín, nạp đầu tặng 100%, link https://bit.ly/e2xrgaxj",3
Nhận ngay 500k tiền thưởng tại https://t.me/xnasy2aq,3
"Game nổ hũ cực lớn, click https://tinyurl.com/u5nairkv nhận code",3
Nhận ngay 500k tiền thưởng tại https://tinyurl.com/w5yau4y4,3
"Bán số lô số đề chuẩn 100%, add zalo 0988944950",3
Bạn ơi gọi mình số 0881634353 để chốt lịch nhé,0
Nhận ngay 500k tiền thưởng tại https://gg.gg/tdv31rxw,3
Có gì cứ liên hệ tớ qua 0349938987 nha bạn,0
Mọi người xem menu quán ở đây nha: https://shope.ee/ujs8c5ws,0
Bạn ơi gọi mình số 0818147408 để chốt lịch nhé,0
Shop gọi lại số 0797308470 tư vấn tour nhé,0
Tư vấn cho mình qua zalo 0814947038 với ạ,0
"Hack vàng, hack kim cương cực uy tín tại https://bit.ly/pipoodn0",3
Đây là link driver ảnh hôm qua nhé: https://bit.ly/5g1p1zwu,0
"Gái gọi cao cấp, xem ảnh tại https://bit.ly/l6jfur21",3
"Tài khoản bị khóa, vào https://gg.gg/7uq71jrn để mở",3
Đây là link driver ảnh hôm qua nhé: https://gg.gg/78ba0ksf,0
"Kiếm tiền triệu mỗi ngày, click https://shope.ee/lglu6qeh",3
Nhận quà tri ân từ Shopee tại https://gg.gg/hwn9urc8,3
Đây là link driver ảnh hôm qua nhé: https://zalo.me/mdu7zkat,0
"Shop ơi số mình 0985749481, ship cho mình nhé",0
"Cần thuê phòng gấp, alo mình 0914572495",0
"Web cá độ uy tín, nạp đầu tặng 100%, link https://t.me/lu0ikhvt",3
"Mình cần đặt lịch khám, sđt 0344127072",0
Nhận làm chứng chỉ ngoại ngữ giá rẻ 0794113275,3
Tư vấn cho mình qua zalo 0385804661 với ạ,0
"Cần tiền gọi ngay 0358034698, hỗ trợ nợ xấu",3
Gọi mình số 0779332675 để lấy mã xác nhận đơn hàng,0
"Hỗ trợ mình qua số 0389215831 với, app bị lỗi",0
Đây là link driver ảnh hôm qua nhé: https://shope.ee/s944va3j,0
"Tài khoản bị khóa, vào https://zalo.me/avqjhsjl để mở",3
"Hỗ trợ mình qua số 0982355708 với, app bị lỗi",0
Check inbox hoặc gọi mình 0382414546 để lấy hàng,0
Nhận ngay 500k tiền thưởng tại https://tinyurl.com/gf4uc9zs,3
Mọi người xem menu quán ở đây nha: https://t.me/b8uiv179,0
"Việc nhẹ lương cao tại nhà, liên hệ ngay 0335640011",3
Check inbox hoặc gọi mình 0775130589 để lấy hàng,0
Gọi mình số 0346846982 để lấy mã xác nhận đơn hàng,0
Nhận ngay 500k tiền thưởng tại https://bit.ly/c446fbez,3
"Cần tiền gọi ngay 0908912687, hỗ trợ nợ xấu",3
"Hack vàng, hack kim cương cực uy tín tại https://zalo.me/bw3cq82m",3
"Web cá độ uy tín, nạp đầu tặng 100%, link https://shope.ee/zwavm7bf",3
Cho mình đặt phòng số 0387830731 nhé shop,0
"Cần thuê phòng gấp, alo mình 0343204272",0
"Cơ hội làm giàu không khó, truy cập https://t.me/er7jvqoo",3
"Gái gọi cao cấp, xem ảnh tại https://tinyurl.com/qmz9o0p6",3
Nhận quà tri ân từ Shopee tại https://gg.gg/nx96y2em,3
Có gì cứ liên hệ tớ qua 0334992155 nha bạn,0
Nhận quà tri ân từ Shopee tại https://tinyurl.com/yi3jvq78,3
"Cơ hội làm giàu không khó, truy cập https://bit.ly/xhh1md4n",3
"Bên mình cung cấp phôi bằng các loại, alo 0902268173",3
"Cần tiền gọi ngay 0905484861, hỗ trợ nợ xấu",3
"Việc nhẹ lương cao tại nhà, liên hệ ngay 0905466384",3
Gửi mình thông tin qua https://gg.gg/l7qp0bng nhé,0
"Tài khoản bị khóa, vào https://gg.gg/s82rkqr3 để mở",3
"Hỗ trợ mình qua số 0383312162 với, app bị lỗi",0
Link đăng ký sự kiện cho ai cần: https://tinyurl.com/2smd0czo,0
"Tài khoản bị khóa, vào https://bit.ly/1cquh1s1 để mở",3
Nhận ngay 500k tiền thưởng tại https://zalo.me/4mvd24cl,3
"Bạn trúng thưởng 1 xe SH, xác thực tại https://zalo.me/rd9bst40",3
Link tài liệu học tập đây nhé mn: https://gg.gg/69g6rtj2,0
Nhận ngay 500k tiền thưởng tại https://tinyurl.com/6shamum4,3
"Bán bằng lái xe, hồ sơ gốc liên hệ 0359107546",3
Có gì cứ liên hệ tớ qua 0772738363 nha bạn,0
Gọi mình số 0386807586 để lấy mã xác nhận đơn hàng,0
Shop gọi lại số 0811755749 tư vấn tour nhé,0
"Cần thuê phòng gấp, alo mình 0796993408",0
"Cơ hội làm giàu không khó, truy cập https://bit.ly/zor54gti",3
Link đăng ký sự kiện cho ai cần: https://tinyurl.com/4ia9uuvb,0
"Mình cần đặt lịch khám, sđt 0351546959",0
"Bên mình cung cấp phôi bằng các loại, alo 0907356130",3
"Vay vốn nhanh không thế chấp, alo 0887616700",3
Shop gọi lại số 0817389364 tư vấn tour nhé,0
Đây là link driver ảnh hôm qua nhé: https://tinyurl.com/6fr41xey,0
"Kiếm tiền triệu mỗi ngày, click https://bit.ly/e4q6dfde",3
Link đăng ký sự kiện cho ai cần: https://zalo.me/1ntjztjr,0
Link tài liệu học tập đây nhé mn: https://gg.gg/c8cueqhj,0
Link đăng ký sự kiện cho ai cần: https://tinyurl.com/dsrbiqjw,0
Mọi người xem menu quán ở đây nha: https://tinyurl.com/ioyt6f6t,0
Link shopee mình mua cái này nè: https://t.me/pnzartja,0
"Tuyển CTV online lương 10tr/tháng, ib zalo 0334232292",3
"Bán số lô số đề chuẩn 100%, add zalo 0912547922",3
Cho mình đặt phòng số 0902424315 nhé shop,0
Gửi mình thông tin qua https://tinyurl.com/x69ngoqi nhé,0
"Web cá độ uy tín, nạp đầu tặng 100%, link https://t.me/f9qv5obw",3
Link shopee mình mua cái này nè: https://zalo.me/vshygqc8,0
"Gái gọi cao cấp, xem ảnh tại https://gg.gg/mct81d0j",3
"Check đơn giúp mình, sđt mình 0981443729",0
"Bên mình cung cấp phôi bằng các loại, alo 0338961108",3
Có gì cứ liên hệ tớ qua 0342567134 nha bạn,0
"Dịch vụ thám tử tư bảo mật, hotline 0909848816",3
Nhận quà tri ân từ Shopee tại https://zalo.me/a772ih85,3
"Gái gọi cao cấp, xem ảnh tại https://gg.gg/decjkeam",3
"Ai cần tư vấn cứ gọi 0913467793, mình rảnh lúc 5h",0
Nhận làm chứng chỉ ngoại ngữ giá rẻ 0794056953,3
"Check đơn giúp mình, sđt mình 0886536260",0
Cho mình đặt phòng số 0917555646 nhé shop,0
"Bên mình cung cấp phôi bằng các loại, alo 0331826848",3
Nhận quà tri ân từ Shopee tại https://zalo.me/m8d17aou,3
"Kiếm tiền triệu mỗi ngày, click https://gg.gg/btos5s2c",3
Đây là link driver ảnh hôm qua nhé: https://t.me/odwxqlpu,0
"Bán số lô số đề chuẩn 100%, add zalo 0911214312",3
"Số của mình là 0342172804, có gì alo nha",0
"Hack vàng, hack kim cương cực uy tín tại https://shope.ee/wijddvb3",3
"Hỗ trợ mình qua số 0903366479 với, app bị lỗi",0
Tư vấn cho mình qua zalo 0905164930 với ạ,0
Cho mình đặt phòng số 0338069836 nhé shop,0
Nhận ngay 500k tiền thưởng tại https://t.me/7uzg2xyd,3
"Thu mua sim số đẹp giá cao, liên hệ 0779162727",3
Nhận ngay 500k tiền thưởng tại https://tinyurl.com/o2xl7b1g,3
"Tài khoản bị khóa, vào https://t.me/242p4pb7 để mở",3
Gọi mình số 0356413449 để lấy mã xác nhận đơn hàng,0
"Dịch vụ thám tử tư bảo mật, hotline 0387037053",3
Link tài liệu học tập đây nhé mn: https://tinyurl.com/lvw8g0lt,0
"Cơ hội làm giàu không khó, truy cập https://gg.gg/2chgwy1b",3
"Cơ hội làm giàu không khó, truy cập https://gg.gg/9icnbnth",3
"Tài khoản bị khóa, vào https://zalo.me/ggll0f33 để mở",3
"Kiếm tiền triệu mỗi ngày, click https://gg.gg/soewtm4s",3
Có gì cứ liên hệ tớ qua 0906498742 nha bạn,0
"Bạn trúng thưởng 1 xe SH, xác thực tại https://zalo.me/20twddby",3
"Ai cần tư vấn cứ gọi 0885288958, mình rảnh lúc 5h",0
Cho mình đặt phòng số 0815028034 nhé shop,0
"Bán bằng lái xe, hồ sơ gốc liên hệ 0819449918",3
"Check đơn giúp mình, sđt mình 0883901108",0
Shop gọi lại số 0771854754 tư vấn tour nhé,0
"Ai cần tư vấn cứ gọi 0915336948, mình rảnh lúc 5h",0
"Bên mình cung cấp phôi bằng các loại, alo 0816385501",3
Check inbox hoặc gọi mình 0888693392 để lấy hàng,0
"Kiếm tiền triệu mỗi ngày, click https://shope.ee/v7h2nqnn",3
Gửi mình thông tin qua https://gg.gg/naf7q1mz nhé,0
Shop gọi lại số 0815735682 tư vấn tour nhé,0
"Cần thuê phòng gấp, alo mình 0352759250",0
"Bán số lô số đề chuẩn 100%, add zalo 0982389371",3
"Bên mình cung cấp phôi bằng các loại, alo 0385475646",3
Shop gọi lại số 0338219031 tư vấn tour nhé,0
"Gái gọi cao cấp, xem ảnh tại https://zalo.me/9qeb39yj",3
"Shop ơi số mình 0352779917, ship cho mình nhé",0
"Mình cần đặt lịch khám, sđt 0355928135",0
Nhận làm chứng chỉ ngoại ngữ giá rẻ 0335883041,3
"Gái gọi cao cấp, xem ảnh tại https://gg.gg/j41kix9l",3
"Vay vốn nhanh không thế chấp, alo 0919573255",3
"Thu mua sim số đẹp giá cao, liên hệ 0779736845",3
"Check đơn giúp mình, sđt mình 0988199112",0
Link tài liệu học tập đây nhé mn: https://t.me/gsub2b92,0
Bạn ơi gọi mình số 0912699721 để chốt lịch nhé,0
"Tuyển CTV online lương 10tr/tháng, ib zalo 0918521241",3
"Cần tiền gọi ngay 0917258629, hỗ trợ nợ xấu",3
Tư vấn cho mình qua zalo 0331884912 với ạ,0
"Web cá độ uy tín, nạp đầu tặng 100%, link https://shope.ee/vsbuk629",3
"Ai cần tư vấn cứ gọi 0791203647, mình rảnh lúc 5h",0
"Bạn trúng thưởng 1 xe SH, xác thực tại https://zalo.me/mqdo8524",3
Tư vấn cho mình qua zalo 0987938391 với ạ,0
Tư vấn cho mình qua zalo 0919587124 với ạ,0
Cho mình đặt phòng số 0341030676 nhé shop,0
Gọi mình số 0796204352 để lấy mã xác nhận đơn hàng,0
"Tuyển CTV online lương 10tr/tháng, ib zalo 0814193671",3
"Số của mình là 0342490647, có gì alo nha",0
"Cơ hội làm giàu không khó, truy cập https://t.me/fyvo511k",3
"Số của mình là 0819444375, có gì alo nha",0
"Gái gọi cao cấp, xem ảnh tại https://bit.ly/8wrfbo8v",3
"Mình cần đặt lịch khám, sđt 0349814089",0
"Hack vàng, hack kim cương cực uy tín tại https://zalo.me/54p3eolj",3
Link đăng ký sự kiện cho ai cần: https://t.me/r0vw3886,0
Nhận quà tri ân từ Shopee tại https://zalo.me/d59orhtd,3
Cho mình đặt phòng số 0816581227 nhé shop,0
"Ai cần tư vấn cứ gọi 0331807078, mình rảnh lúc 5h",0
Cho mình đặt phòng số 0987340824 nhé shop,0
Link đăng ký sự kiện cho ai cần: https://t.me/indstyw6,0
Shop gọi lại số 0388698870 tư vấn tour nhé,0
Nhận ngay 500k tiền thưởng tại https://bit.ly/7sou1vtg,3
Nhận làm chứng chỉ ngoại ngữ giá rẻ 0386692486,3
Link đăng ký sự kiện cho ai cần: https://zalo.me/9ft7izql,0
"Vay vốn nhanh không thế chấp, alo 0339809191",3
Bạn ơi gọi mình số 0331582048 để chốt lịch nhé,0
"Tuyển CTV online lương 10tr/tháng, ib zalo 0339409411",3
Link tài liệu học tập đây nhé mn: https://t.me/pagdttu1,0
Tư vấn cho mình qua zalo 0981501333 với ạ,0
"Số của mình là 0983559107, có gì alo nha",0
Check inbox hoặc gọi mình 0778590516 để lấy hàng,0
Gọi mình số 0772615488 để lấy mã xác nhận đơn hàng,0
Đây là link driver ảnh hôm qua nhé: https://gg.gg/jk5fgemt,0
"Bán bằng lái xe, hồ sơ gốc liên hệ 0349122495",3
Nhận ngay 500k tiền thưởng tại https://shope.ee/a0ludefo,3
"Mình cần đặt lịch khám, sđt 0334306957",0
"Mình cần đặt lịch khám, sđt 0359119115",0
Shop gọi lại số 0772136150 tư vấn tour nhé,0
Mọi người xem menu quán ở đây nha: https://tinyurl.com/4ojtojqj,0
Gửi mình thông tin qua https://gg.gg/ovyfbx23 nhé,0
Cho mình đặt phòng số 0917402529 nhé shop,0
"Check đơn giúp mình, sđt mình 0882114448",0
"Việc nhẹ lương cao tại nhà, liên hệ ngay 0355815187",3
Shop gọi lại số 0815649658 tư vấn tour nhé,0
Shop gọi lại số 0386796215 tư vấn tour nhé,0
"Mình cần đặt lịch khám, sđt 0349254504",0
"Vay vốn nhanh không thế chấp, alo 0884867559",3
"Cơ hội làm giàu không khó, truy cập https://zalo.me/cgbzthb2",3
"Mình cần đặt lịch khám, sđt 0908644623",0
"Thu mua sim số đẹp giá cao, liên hệ 0884791201",3
"Bán bằng lái xe, hồ sơ gốc liên hệ 0908316604",3
"Số của mình là 0903691930, có gì alo nha",0
Tư vấn cho mình qua zalo 0348825922 với ạ,0
"Hack vàng, hack kim cương cực uy tín tại https://gg.gg/etbn83jn",3
"Hack vàng, hack kim cương cực uy tín tại https://bit.ly/ojw4oy30",3
Tư vấn cho mình qua zalo 0331587158 với ạ,0
Check inbox hoặc gọi mình 0383863905 để lấy hàng,0
"Việc nhẹ lương cao tại nhà, liên hệ ngay 0385421614",3
"Hack vàng, hack kim cương cực uy tín tại https://bit.ly/5mcknz76",3
"Game nổ hũ cực lớn, click https://shope.ee/e9dfedcc nhận code",3
Check inbox hoặc gọi mình 0818818764 để lấy hàng,0
"Hack vàng, hack kim cương cực uy tín tại https://zalo.me/uzxjb0ce",3
Tư vấn cho mình qua zalo 0778868134 với ạ,0
"Web cá độ uy tín, nạp đầu tặng 100%, link https://gg.gg/dsqheqyo",3
Nhận quà tri ân từ Shopee tại https://tinyurl.com/tumokua8,3
"Tuyển CTV online lương 10tr/tháng, ib zalo 0772618695",3
"Ai cần tư vấn cứ gọi 0344615172, mình rảnh lúc 5h",0
Gọi mình số 0344021162 để lấy mã xác nhận đơn hàng,0
"Bán bằng lái xe, hồ sơ gốc liên hệ 0335739937",3
Check inbox hoặc gọi mình 0776052571 để lấy hàng,0
"Vay vốn nhanh không thế chấp, alo 0813986248",3
"Bán bằng lái xe, hồ sơ gốc liên hệ 0902685152",3
"Tuyển CTV online lương 10tr/tháng, ib zalo 0343925854",3
Check inbox hoặc gọi mình 0345592063 để lấy hàng,0
"Game nổ hũ cực lớn, click https://zalo.me/643eu7xd nhận code",3
"Ai cần tư vấn cứ gọi 0339000570, mình rảnh lúc 5h",0
Nhận ngay 500k tiền thưởng tại https://gg.gg/d7zuikdd,3
"Việc nhẹ lương cao tại nhà, liên hệ ngay 0355225635",3
"Game nổ hũ cực lớn, click https://bit.ly/o4u4ipkl nhận code",3
"Game nổ hũ cực lớn, click https://bit.ly/rgs5t5uo nhận code",3
Check inbox hoặc gọi mình 0383403981 để lấy hàng,0
"Bán bằng lái xe, hồ sơ gốc liên hệ 0985288442",3
"Bán số lô số đề chuẩn 100%, add zalo 0986263965",3
Gửi mình thông tin qua https://gg.gg/3pn187sj nhé,0
"Ai cần tư vấn cứ gọi 0792308875, mình rảnh lúc 5h",0
"Dịch vụ thám tử tư bảo mật, hotline 0883691533",3
Nhận quà tri ân từ Shopee tại https://zalo.me/9qh4uyju,3
Nhận quà tri ân từ Shopee tại https://gg.gg/5vqr4b2i,3
"Vay vốn nhanh không thế chấp, alo 0386982956",3
"Số của mình là 0819223252, có gì alo nha",0
"Web cá độ uy tín, nạp đầu tặng 100%, link https://t.me/iyc104g9",3
"Việc nhẹ lương cao tại nhà, liên hệ ngay 0381944256",3
"Vay vốn nhanh không thế chấp, alo 0916372465",3
"Mình cần đặt lịch khám, sđt 0983881366",0
"Số của mình là 0387085829, có gì alo nha",0
Check inbox hoặc gọi mình 0887998036 để lấy hàng,0
"Bạn trúng thưởng 1 xe SH, xác thực tại https://bit.ly/pvygtwbe",3
"Bạn trúng thưởng 1 xe SH, xác thực tại https://zalo.me/70rzm8dh",3
Gọi mình số 0339858507 để lấy mã xác nhận đơn hàng,0
"Mình cần đặt lịch khám, sđt 0793009694",0
Gọi mình số 0989479124 để lấy mã xác nhận đơn hàng,0
"Vay vốn nhanh không thế chấp, alo 0778488625",3
"Game nổ hũ cực lớn, click https://tinyurl.com/76gurcf5 nhận code",3
Gửi mình thông tin qua https://gg.gg/lcl2zcq0 nhé,0
Link shopee mình mua cái này nè: https://zalo.me/l17wsvvc,0
"Thu mua sim số đẹp giá cao, liên hệ 0353106171",3
"Bán số lô số đề chuẩn 100%, add zalo 0915706017",3
"Check đơn giúp mình, sđt mình 0983383738",0
Check inbox hoặc gọi mình 0333276219 để lấy hàng,0
"Bán bằng lái xe, hồ sơ gốc liên hệ 0793967346",3
"Cần tiền gọi ngay 0389651709, hỗ trợ nợ xấu",3
Nhận quà tri ân từ Shopee tại https://shope.ee/b1rytauk,3
"Vay vốn nhanh không thế chấp, alo 0799041160",3
"Việc nhẹ lương cao tại nhà, liên hệ ngay 0796797145",3
"Vay vốn nhanh không thế chấp, alo 0771871015",3
"Check đơn giúp mình, sđt mình 0343875155",0
"Cần tiền gọi ngay 0816688070, hỗ trợ nợ xấu",3
Gửi mình thông tin qua https://t.me/zjqq21z7 nhé,0
"Tuyển CTV online lương 10tr/tháng, ib zalo 0981639804",3
"Số của mình là 0338549450, có gì alo nha",0
"Bạn trúng thưởng 1 xe SH, xác thực tại https://t.me/qlgk5qm0",3
"Hack vàng, hack kim cương cực uy tín tại https://tinyurl.com/vngd7w6f",3
"Check đơn giúp mình, sđt mình 0385378364",0
"Hack vàng, hack kim cương cực uy tín tại https://tinyurl.com/768i0km7",3
"Cần thuê phòng gấp, alo mình 0887670678",0
Shop gọi lại số 0888774178 tư vấn tour nhé,0
"Ai cần tư vấn cứ gọi 0795508446, mình rảnh lúc 5h",0
"Cần tiền gọi ngay 0336234198, hỗ trợ nợ xấu",3
"Shop ơi số mình 0355672090, ship cho mình nhé",0
Có gì cứ liên hệ tớ qua 0798310367 nha bạn,0
Nhận quà tri ân từ Shopee tại https://zalo.me/tab0wy9i,3
"Ai cần tư vấn cứ gọi 0909466685, mình rảnh lúc 5h",0
"Mình cần đặt lịch khám, sđt 0355981514",0
"Kiếm tiền triệu mỗi ngày, click https://gg.gg/ntdgymsr",3
"Hỗ trợ mình qua số 0881002623 với, app bị lỗi",0
"Mình cần đặt lịch khám, sđt 0795303286",0
Gọi mình số 0907880979 để lấy mã xác nhận đơn hàng,0
"Check đơn giúp mình, sđt mình 0382026039",0
Nhận làm chứng chỉ ngoại ngữ giá rẻ 0779979177,3
"Việc nhẹ lương cao tại nhà, liên hệ ngay 0337436629",3
Nhận ngay 500k tiền thưởng tại https://zalo.me/ojuq2m2i,3
"Hỗ trợ mình qua số 0888795226 với, app bị lỗi",0
Cho mình đặt phòng số 0775199164 nhé shop,0
"Số của mình là 0776433545, có gì alo nha",0
"Bên mình cung cấp phôi bằng các loại, alo 0811449261",3
"Cần tiền gọi ngay 0913332327, hỗ trợ nợ xấu",3
Có gì cứ liên hệ tớ qua 0884444592 nha bạn,0
Link tài liệu học tập đây nhé mn: https://gg.gg/fwpu285a,0
"Mình cần đặt lịch khám, sđt 0334951886",0
Nhận làm chứng chỉ ngoại ngữ giá rẻ 0777898643,3
Có gì cứ liên hệ tớ qua 0915452757 nha bạn,0
Đây là link driver ảnh hôm qua nhé: https://tinyurl.com/4na5htnl,0
Gọi mình số 0353518194 để lấy mã xác nhận đơn hàng,0
Gửi mình thông tin qua https://shope.ee/hj4n9f6i nhé,0
Gọi mình số 0811919866 để lấy mã xác nhận đơn hàng,0
"Dịch vụ thám tử tư bảo mật, hotline 0818805342",3
"Game nổ hũ cực lớn, click https://bit.ly/mxftixgy nhận code",3
"Bán số lô số đề chuẩn 100%, add zalo 0358755140",3
Link shopee mình mua cái này nè: https://bit.ly/1kd1u9s0,0
Link tài liệu học tập đây nhé mn: https://t.me/ik3jehxp,0
"Game nổ hũ cực lớn, click https://t.me/tfkmu9ub nhận code",3
"Shop ơi số mình 0348977421, ship cho mình nhé",0
Check inbox hoặc gọi mình 0792320902 để lấy hàng,0
"Bên mình cung cấp phôi bằng các loại, alo 0382474060",3
"Web cá độ uy tín, nạp đầu tặng 100%, link https://tinyurl.com/srmdh7qx",3
"Hỗ trợ mình qua số 0383719718 với, app bị lỗi",0
Cho mình đặt phòng số 0358067578 nhé shop,0
"Bán số lô số đề chuẩn 100%, add zalo 0812167971",3
Bạn ơi gọi mình số 0388100907 để chốt lịch nhé,0
Tư vấn cho mình qua zalo 0332294980 với ạ,0
Nhận làm chứng chỉ ngoại ngữ giá rẻ 0349854409,3
"Cần thuê phòng gấp, alo mình 0982653359",0
"Bán bằng lái xe, hồ sơ gốc liên hệ 0903127045",3
"Bên mình cung cấp phôi bằng các loại, alo 0914768241",3
"Cần thuê phòng gấp, alo mình 0814472827",0
"Cơ hội làm giàu không khó, truy cập https://t.me/umjexmww",3
Gọi mình số 0887244192 để lấy mã xác nhận đơn hàng,0
Mọi người xem menu quán ở đây nha: https://tinyurl.com/c4fn6hbu,0
"Bạn trúng thưởng 1 xe SH, xác thực tại https://bit.ly/ibajsyxu",3
"Hỗ trợ mình qua số 0794510094 với, app bị lỗi",0
Check inbox hoặc gọi mình 0331058738 để lấy hàng,0
Có gì cứ liên hệ tớ qua 0389467454 nha bạn,0
"Cần tiền gọi ngay 0816719557, hỗ trợ nợ xấu",3
Tư vấn cho mình qua zalo 0343623109 với ạ,0
"Mình cần đặt lịch khám, sđt 0887804779",0
"Cần tiền gọi ngay 0906175713, hỗ trợ nợ xấu",3
"Hack vàng, hack kim cương cực uy tín tại https://bit.ly/cj218r6o",3
Bạn ơi gọi mình số 0918921484 để chốt lịch nhé,0
"Ai cần tư vấn cứ gọi 0903142854, mình rảnh lúc 5h",0
Nhận ngay 500k tiền thưởng tại https://tinyurl.com/flshzqx7,3
Nhận làm chứng chỉ ngoại ngữ giá rẻ 0911401951,3
Bạn ơi gọi mình số 0815791380 để chốt lịch nhé,0
Tư vấn cho mình qua zalo 0817839103 với ạ,0
Link đăng ký sự kiện cho ai cần: https://bit.ly/erb88ead,0
"Bán số lô số đề chuẩn 100%, add zalo 0791978945",3
Link đăng ký sự kiện cho ai cần: https://bit.ly/pn9bvvi9,0
"Gái gọi cao cấp, xem ảnh tại https://t.me/mqkmyzr1",3
Link đăng ký sự kiện cho ai cần: https://gg.gg/gvp7jnjx,0
"Số của mình là 0914192062, có gì alo nha",0
Tư vấn cho mình qua zalo 0793265351 với ạ,0
"Bạn trúng thưởng 1 xe SH, xác thực tại https://tinyurl.com/j1a50b50",3
"Check đơn giúp mình, sđt mình 0778499147",0
Nhận làm chứng chỉ ngoại ngữ giá rẻ 0889081705,3
"Cần thuê phòng gấp, alo mình 0381029194",0
Nhận quà tri ân từ Shopee tại https://tinyurl.com/2y3apjbo,3
"Tuyển CTV online lương 10tr/tháng, ib zalo 0887178258",3
"Bên mình cung cấp phôi bằng các loại, alo 0917518481",3
"Việc nhẹ lương cao tại nhà, liên hệ ngay 0811339713",3
"Thu mua sim số đẹp giá cao, liên hệ 0335146915",3
"Ai cần tư vấn cứ gọi 0389485647, mình rảnh lúc 5h",0
Đây là link driver ảnh hôm qua nhé: https://gg.gg/ipig6njf,0
"Bạn trúng thưởng 1 xe SH, xác thực tại https://tinyurl.com/4e4ibii0",3
Bạn ơi gọi mình số 0988303326 để chốt lịch nhé,0
"Cần tiền gọi ngay 0771048666, hỗ trợ nợ xấu",3
"Game nổ hũ cực lớn, click https://tinyurl.com/eviw9itk nhận code",3
Shop gọi lại số 0912348429 tư vấn tour nhé,0
"Tuyển CTV online lương 10tr/tháng, ib zalo 0888390315",3
Cho mình đặt phòng số 0773136440 nhé shop,0
Link đăng ký sự kiện cho ai cần: https://t.me/049i3mgn,0
Gửi mình thông tin qua https://t.me/effe7nqe nhé,0
Link đăng ký sự kiện cho ai cần: https://gg.gg/5ncscfsq,0
"Web cá độ uy tín, nạp đầu tặng 100%, link https://bit.ly/mr2fpn9a",3
"Tài khoản bị khóa, vào https://t.me/1j2bqefu để mở",3
Mọi người xem menu quán ở đây nha: https://bit.ly/75po98nh,0
"Thu mua sim số đẹp giá cao, liên hệ 0909980969",3
"Mình cần đặt lịch khám, sđt 0887234336",0
"Dịch vụ thám tử tư bảo mật, hotline 0986260657",3
Nhận làm chứng chỉ ngoại ngữ giá rẻ 0901962044,3
"Tuyển CTV online lương 10tr/tháng, ib zalo 0333509410",3
"Cần thuê phòng gấp, alo mình 0903885028",0
Tư vấn cho mình qua zalo 0796857766 với ạ,0
"Hỗ trợ mình qua số 0338457379 với, app bị lỗi",0
"Bán số lô số đề chuẩn 100%, add zalo 0799045234",3
"Vay vốn nhanh không thế chấp, alo 0797937340",3
"Hack vàng, hack kim cương cực uy tín tại https://t.me/fn51vkzs",3
Shop gọi lại số 0913488051 tư vấn tour nhé,0
"Bán bằng lái xe, hồ sơ gốc liên hệ 0353142405",3
Nhận quà tri ân từ Shopee tại https://bit.ly/qc97c5zy,3
"Cần thuê phòng gấp, alo mình 0339175427",0
"Shop ơi số mình 0385810903, ship cho mình nhé",0
Mọi người xem menu quán ở đây nha: https://tinyurl.com/bod037t9,0
"Bán số lô số đề chuẩn 100%, add zalo 0351009805",3
Mọi người xem menu quán ở đây nha: https://bit.ly/7m67b07d,0
"Hỗ trợ mình qua số 0338486731 với, app bị lỗi",0
Link đăng ký sự kiện cho ai cần: https://t.me/ob86tbcd,0
"Bán số lô số đề chuẩn 100%, add zalo 0819280577",3
"Ai cần tư vấn cứ gọi 0797558672, mình rảnh lúc 5h",0
"Việc nhẹ lương cao tại nhà, liên hệ ngay 0342486669",3
"Kiếm tiền triệu mỗi ngày, click https://bit.ly/xdlsgxrp",3
Nhận quà tri ân từ Shopee tại https://tinyurl.com/c2my365p,3
"Hỗ trợ mình qua số 0338968235 với, app bị lỗi",0
"Vay vốn nhanh không thế chấp, alo 0987437807",3
"Cơ hội làm giàu không khó, truy cập https://shope.ee/9astarhk",3
"Mình cần đặt lịch khám, sđt 0334483917",0
"Kiếm tiền triệu mỗi ngày, click https://tinyurl.com/so820snc",3
"Web cá độ uy tín, nạp đầu tặng 100%, link https://gg.gg/0zo066er",3
"Web cá độ uy tín, nạp đầu tặng 100%, link https://shope.ee/1xx8622l",3
"Việc nhẹ lương cao tại nhà, liên hệ ngay 0795563895",3
Link tài liệu học tập đây nhé mn: https://shope.ee/picomqnl,0
Nhận ngay 500k tiền thưởng tại https://zalo.me/hxrmv7xp,3
"Bán số lô số đề chuẩn 100%, add zalo 0792823058",3
"Dịch vụ thám tử tư bảo mật, hotline 0989335994",3
"Cần thuê phòng gấp, alo mình 0389426571",0
"Game nổ hũ cực lớn, click https://bit.ly/8oo99b38 nhận code",3
Link shopee mình mua cái này nè: https://tinyurl.com/u0be5kv2,0
"Thu mua sim số đẹp giá cao, liên hệ 0338252390",3
Nhận ngay 500k tiền thưởng tại https://gg.gg/pwrbfrmr,3
Bạn ơi gọi mình số 0335800923 để chốt lịch nhé,0
"Check đơn giúp mình, sđt mình 0349995558",0
"Hack vàng, hack kim cương cực uy tín tại https://tinyurl.com/0n6zim7x",3
"Cơ hội làm giàu không khó, truy cập https://shope.ee/tnncghim",3
"Ai cần tư vấn cứ gọi 0989778332, mình rảnh lúc 5h",0
"Việc nhẹ lương cao tại nhà, liên hệ ngay 0917603183",3
Nhận ngay 500k tiền thưởng tại https://t.me/fstar1vz,3
"Vay vốn nhanh không thế chấp, alo 0985715554",3
"Bạn trúng thưởng 1 xe SH, xác thực tại https://t.me/34wnakm0",3
Cho mình đặt phòng số 0794723347 nhé shop,0
Tư vấn cho mình qua zalo 0889096039 với ạ,0
"Thu mua sim số đẹp giá cao, liên hệ 0337808380",3
Gọi mình số 0906528882 để lấy mã xác nhận đơn hàng,0
Link tài liệu học tập đây nhé mn: https://zalo.me/tk8lzpo3,0
"Bạn trúng thưởng 1 xe SH, xác thực tại https://t.me/oc1c93os",3
"Hỗ trợ mình qua số 0775965248 với, app bị lỗi",0
"Cần thuê phòng gấp, alo mình 0818822316",0
"Hack vàng, hack kim cương cực uy tín tại https://t.me/66nqxepm",3
"Hỗ trợ mình qua số 0385001692 với, app bị lỗi",0
Bạn ơi gọi mình số 0881207586 để chốt lịch nhé,0
"Bên mình cung cấp phôi bằng các loại, alo 0351023509",3
"Số của mình là 0888469376, có gì alo nha",0
Link tài liệu học tập đây nhé mn: https://shope.ee/w3p0dt7h,0
"Hỗ trợ mình qua số 0795971747 với, app bị lỗi",0
Link tài liệu học tập đây nhé mn: https://tinyurl.com/yz3xq3h0,0
Gửi mình thông tin qua https://shope.ee/r9bxl9p5 nhé,0
"Gái gọi cao cấp, xem ảnh tại https://zalo.me/pyq62zix",3
"Shop ơi số mình 0794814368, ship cho mình nhé",0
"Bạn trúng thưởng 1 xe SH, xác thực tại https://t.me/2u8io9td",3
"Ai cần tư vấn cứ gọi 0986437568, mình rảnh lúc 5h",0
"Cơ hội làm giàu không khó, truy cập https://bit.ly/9an4rkyh",3
Mọi người xem menu quán ở đây nha: https://t.me/ik7n2xf8,0
"Cần tiền gọi ngay 0907254232, hỗ trợ nợ xấu",3
Gọi mình số 0919231371 để lấy mã xác nhận đơn hàng,0
"Bán số lô số đề chuẩn 100%, add zalo 0913932792",3
Nhận làm chứng chỉ ngoại ngữ giá rẻ 0792367776,3
"Cơ hội làm giàu không khó, truy cập https://shope.ee/4aw3c30d",3
"Bạn trúng thưởng 1 xe SH, xác thực tại https://zalo.me/slsubv33",3
"Thu mua sim số đẹp giá cao, liên hệ 0387753851",3
"Bên mình cung cấp phôi bằng các loại, alo 0915553214",3
"Cần thuê phòng gấp, alo mình 0813434254",0
"Hack vàng, hack kim cương cực uy tín tại https://zalo.me/shl4rt4i",3
"Mình cần đặt lịch khám, sđt 0348132952",0
"Game nổ hũ cực lớn, click https://gg.gg/zi6size9 nhận code",3
"Hỗ trợ mình qua số 0345934167 với, app bị lỗi",0
Mọi người xem menu quán ở đây nha: https://shope.ee/4ys76hcn,0
"Cần tiền gọi ngay 0811066692, hỗ trợ nợ xấu",3
"Vay vốn nhanh không thế chấp, alo 0771889684",3
Link đăng ký sự kiện cho ai cần: https://t.me/f720ba4v,0
"Web cá độ uy tín, nạp đầu tặng 100%, link https://bit.ly/a3dnxn3u",3
"Gái gọi cao cấp, xem ảnh tại https://tinyurl.com/wp0uyi86",3
"Hack vàng, hack kim cương cực uy tín tại https://tinyurl.com/z39rfv1w",3
Link đăng ký sự kiện cho ai cần: https://zalo.me/axq2lj1r,0
"Cơ hội làm giàu không khó, truy cập https://tinyurl.com/w5yqsag0",3
"Bán số lô số đề chuẩn 100%, add zalo 0358278492",3
Nhận làm chứng chỉ ngoại ngữ giá rẻ 0915803664,3
"Dịch vụ thám tử tư bảo mật, hotline 0381909914",3
Cho mình đặt phòng số 0332696334 nhé shop,0
Mọi người xem menu quán ở đây nha: https://shope.ee/z49rtnu5,0
Link shopee mình mua cái này nè: https://shope.ee/40pksbcw,0
"Việc nhẹ lương cao tại nhà, liên hệ ngay 0795193012",3
Bạn ơi gọi mình số 0791857193 để chốt lịch nhé,0
Đây là link driver ảnh hôm qua nhé: https://zalo.me/0vxzjvms,0
"Shop ơi số mình 0903085761, ship cho mình nhé",0
"Shop ơi số mình 0791644892, ship cho mình nhé",0
"Mình cần đặt lịch khám, sđt 0904443744",0
"Web cá độ uy tín, nạp đầu tặng 100%, link https://gg.gg/aag6bw6n",3
"Shop ơi số mình 0388350695, ship cho mình nhé",0
"Việc nhẹ lương cao tại nhà, liên hệ ngay 0917579292",3
Gọi mình số 0887888863 để lấy mã xác nhận đơn hàng,0
"Ai cần tư vấn cứ gọi 0885979353, mình rảnh lúc 5h",0
Nhận quà tri ân từ Shopee tại https://shope.ee/16f40mg3,3
Tư vấn cho mình qua zalo 0342692296 với ạ,0
"Ai cần tư vấn cứ gọi 0335064143, mình rảnh lúc 5h",0
Shop gọi lại số 0778552894 tư vấn tour nhé,0
Link tài liệu học tập đây nhé mn: https://zalo.me/3s07ujtd,0
Link shopee mình mua cái này nè: https://zalo.me/9o2l2v7e,0
"Cơ hội làm giàu không khó, truy cập https://bit.ly/z7fwtqbi",3
"Check đơn giúp mình, sđt mình 0771384492",0
Nhận làm chứng chỉ ngoại ngữ giá rẻ 0353054916,3
"Kiếm tiền triệu mỗi ngày, click https://zalo.me/m3sh9khg",3
"Bên mình cung cấp phôi bằng các loại, alo 0383583082",3
"Tài khoản bị khóa, vào https://zalo.me/yjfii0zz để mở",3
Có gì cứ liên hệ tớ qua 0985050385 nha bạn,0
Đây là link driver ảnh hôm qua nhé: https://shope.ee/cd5lnz6a,0
Gửi mình thông tin qua https://tinyurl.com/wwuwniq3 nhé,0
"Tài khoản bị khóa, vào https://bit.ly/9ol49v7d để mở",3
"Hỗ trợ mình qua số 0342070751 với, app bị lỗi",0
"Việc nhẹ lương cao tại nhà, liên hệ ngay 0333515740",3
Link tài liệu học tập đây nhé mn: https://gg.gg/n48pnqiw,0
Gửi mình thông tin qua https://t.me/415ay161 nhé,0
"Dịch vụ thám tử tư bảo mật, hotline 0779587405",3
Có gì cứ liên hệ tớ qua 0812730988 nha bạn,0
"Thu mua sim số đẹp giá cao, liên hệ 0346948286",3
"Check đơn giúp mình, sđt mình 0798726559",0
"Hỗ trợ mình qua số 0776965293 với, app bị lỗi",0
Tư vấn cho mình qua zalo 0913604669 với ạ,0
"Dịch vụ thám tử tư bảo mật, hotline 0383574995",3
Tư vấn cho mình qua zalo 0354035926 với ạ,0
"Bán bằng lái xe, hồ sơ gốc liên hệ 0351968552",3
Check inbox hoặc gọi mình 0816840783 để lấy hàng,0
Nhận ngay 500k tiền thưởng tại https://zalo.me/4piks0e9,3
"Bên mình cung cấp phôi bằng các loại, alo 0359534395",3
"Web cá độ uy tín, nạp đầu tặng 100%, link https://gg.gg/usictyga",3
Đây là link driver ảnh hôm qua nhé: https://shope.ee/guyxkk6d,0
Có gì cứ liên hệ tớ qua 0881551262 nha bạn,0
"Vay vốn nhanh không thế chấp, alo 0982287204",3
"Kiếm tiền triệu mỗi ngày, click https://shope.ee/vrf7ci9g",3
"Bán số lô số đề chuẩn 100%, add zalo 0796152752",3
Nhận làm chứng chỉ ngoại ngữ giá rẻ 0344645272,3
"Bạn trúng thưởng 1 xe SH, xác thực tại https://gg.gg/bxcm7xyk",3
"Kiếm tiền triệu mỗi ngày, click https://zalo.me/twf3j1l9",3
Link tài liệu học tập đây nhé mn: https://bit.ly/lw3rv9ch,0
"Số của mình là 0917326971, có gì alo nha",0
Link đăng ký sự kiện cho ai cần: https://gg.gg/mld2mmsx,0
"Bán số lô số đề chuẩn 100%, add zalo 0351426434",3
"Game nổ hũ cực lớn, click https://zalo.me/e013yzxs nhận code",3
Bạn ơi gọi mình số 0913127475 để chốt lịch nhé,0
Link đăng ký sự kiện cho ai cần: https://shope.ee/fdllg447,0
Nhận ngay 500k tiền thưởng tại https://zalo.me/bvh2ffih,3
Đây là link driver ảnh hôm qua nhé: https://gg.gg/8okvrriu,0
Bạn ơi gọi mình số 0779871070 để chốt lịch nhé,0
Bạn ơi gọi mình số 0889293583 để chốt lịch nhé,0
"Bạn trúng thưởng 1 xe SH, xác thực tại https://t.me/ykeo7n5q",3
Gửi mình thông tin qua https://gg.gg/a63ynpdp nhé,0
"Cần tiền gọi ngay 0883192157, hỗ trợ nợ xấu",3
"Dịch vụ thám tử tư bảo mật, hotline 0981432647",3
Nhận quà tri ân từ Shopee tại https://gg.gg/bn7b8qf1,3
"Cần thuê phòng gấp, alo mình 0771875685",0
Nhận quà tri ân từ Shopee tại https://t.me/mqbcqo0r,3
Gọi mình số 0901561925 để lấy mã xác nhận đơn hàng,0
Nhận quà tri ân từ Shopee tại https://bit.ly/diutuxic,3
"Mình cần đặt lịch khám, sđt 0982174078",0
"Mình cần đặt lịch khám, sđt 0779648786",0
Gọi mình số 0914931395 để lấy mã xác nhận đơn hàng,0
Nhận làm chứng chỉ ngoại ngữ giá rẻ 0354415023,3
Nhận ngay 500k tiền thưởng tại https://bit.ly/htagxdp0,3
"Mình cần đặt lịch khám, sđt 0792269782",0
"Việc nhẹ lương cao tại nhà, liên hệ ngay 0919101960",3
"Ai cần tư vấn cứ gọi 0354021519, mình rảnh lúc 5h",0
"Hack vàng, hack kim cương cực uy tín tại https://zalo.me/pbl30qvt",3
"Bán bằng lái xe, hồ sơ gốc liên hệ 0359603491",3
"Ai cần tư vấn cứ gọi 0791891884, mình rảnh lúc 5h",0
"Check đơn giúp mình, sđt mình 0908127540",0
"Kiếm tiền triệu mỗi ngày, click https://tinyurl.com/6evkhtau",3
"Ai cần tư vấn cứ gọi 0907545608, mình rảnh lúc 5h",0
"Dịch vụ thám tử tư bảo mật, hotline 0356263841",3
Nhận quà tri ân từ Shopee tại https://t.me/ktreeuh2,3
"Tài khoản bị khóa, vào https://bit.ly/wjasinx9 để mở",3
Mọi người xem menu quán ở đây nha: https://zalo.me/xw6i7dbp,0
"Thu mua sim số đẹp giá cao, liên hệ 0387225229",3
"Hỗ trợ mình qua số 0336404481 với, app bị lỗi",0
Link tài liệu học tập đây nhé mn: https://gg.gg/k5f6ou29,0
"Cơ hội làm giàu không khó, truy cập https://shope.ee/tbjk7rsq",3
"Ai cần tư vấn cứ gọi 0812481392, mình rảnh lúc 5h",0
"Bên mình cung cấp phôi bằng các loại, alo 0912839502",3
"Mình cần đặt lịch khám, sđt 0793626086",0
"Ai cần tư vấn cứ gọi 0902477970, mình rảnh lúc 5h",0
"Check đơn giúp mình, sđt mình 0332164825",0
"Cần thuê phòng gấp, alo mình 0797456757",0
"Check đơn giúp mình, sđt mình 0917866802",0
"Bạn trúng thưởng 1 xe SH, xác thực tại https://tinyurl.com/jx5115o2",3
"Kiếm tiền triệu mỗi ngày, click https://shope.ee/1oeektis",3
"Thu mua sim số đẹp giá cao, liên hệ 0987197034",3
Link đăng ký sự kiện cho ai cần: https://shope.ee/oskxywiv,0
Link đăng ký sự kiện cho ai cần: https://shope.ee/c6flks3u,0
"Thu mua sim số đẹp giá cao, liên hệ 0919447029",3
"Check đơn giúp mình, sđt mình 0987024264",0
"Dịch vụ thám tử tư bảo mật, hotline 0913898661",3
"Tài khoản bị khóa, vào https://gg.gg/wf57mbcj để mở",3
"Game nổ hũ cực lớn, click https://tinyurl.com/bxq2m6cr nhận code",3
Mọi người xem menu quán ở đây nha: https://bit.ly/j10z83p9,0
"Bạn trúng thưởng 1 xe SH, xác thực tại https://shope.ee/6b80ju2b",3
"Kiếm tiền triệu mỗi ngày, click https://bit.ly/vd2hsy9f",3
"Hack vàng, hack kim cương cực uy tín tại https://bit.ly/bpzu7en6",3
Có gì cứ liên hệ tớ qua 0818944982 nha bạn,0
Có gì cứ liên hệ tớ qua 0348438025 nha bạn,0
Shop gọi lại số 0795585317 tư vấn tour nhé,0
Đây là link driver ảnh hôm qua nhé: https://t.me/g0rng9ve,0
"Dịch vụ thám tử tư bảo mật, hotline 0773997817",3
Link tài liệu học tập đây nhé mn: https://tinyurl.com/ubmo8t91,0
Nhận ngay 500k tiền thưởng tại https://t.me/wol242mg,3
"Cần tiền gọi ngay 0912834058, hỗ trợ nợ xấu",3
"Kiếm tiền triệu mỗi ngày, click https://bit.ly/eo83iaeb",3
"Web cá độ uy tín, nạp đầu tặng 100%, link https://t.me/8vppv9pb",3
"Hỗ trợ mình qua số 0813887942 với, app bị lỗi",0
"Bạn trúng thưởng 1 xe SH, xác thực tại https://t.me/0gxft7i4",3
"Bên mình cung cấp phôi bằng các loại, alo 0912828594",3
"Tuyển CTV online lương 10tr/tháng, ib zalo 0884597686",3
"Cần thuê phòng gấp, alo mình 0774653207",0
Link shopee mình mua cái này nè: https://gg.gg/wcnq17el,0
"Hỗ trợ mình qua số 0814526606 với, app bị lỗi",0
Có gì cứ liên hệ tớ qua 0336869521 nha bạn,0
Cho mình đặt phòng số 0343800812 nhé shop,0
"Web cá độ uy tín, nạp đầu tặng 100%, link https://t.me/nzp89r28",3
"Mình cần đặt lịch khám, sđt 0386108911",0
"Bán số lô số đề chuẩn 100%, add zalo 0332516624",3
Link đăng ký sự kiện cho ai cần: https://zalo.me/3pgcy2s8,0
Nhận làm chứng chỉ ngoại ngữ giá rẻ 0881539734,3
"Cần thuê phòng gấp, alo mình 0771080847",0
"Tài khoản bị khóa, vào https://t.me/nrmrbngt để mở",3
"Tài khoản bị khóa, vào https://bit.ly/cmga04eh để mở",3
"Việc nhẹ lương cao tại nhà, liên hệ ngay 0813050604",3
"Hỗ trợ mình qua số 0907095976 với, app bị lỗi",0
Link tài liệu học tập đây nhé mn: https://tinyurl.com/pij7eqdz,0
"Ai cần tư vấn cứ gọi 0356452622, mình rảnh lúc 5h",0
"Web cá độ uy tín, nạp đầu tặng 100%, link https://t.me/1mc2pfam",3
Đây là link driver ảnh hôm qua nhé: https://shope.ee/p1wm6lmo,0
Check inbox hoặc gọi mình 0334646415 để lấy hàng,0
Gọi mình số 0791044492 để lấy mã xác nhận đơn hàng,0
"Cơ hội làm giàu không khó, truy cập https://gg.gg/j8bwjk4q",3
"Vay vốn nhanh không thế chấp, alo 0887907035",3
"Gái gọi cao cấp, xem ảnh tại https://t.me/u4bn4ijg",3
Có gì cứ liên hệ tớ qua 0915220843 nha bạn,0
Shop gọi lại số 0387848718 tư vấn tour nhé,0
Gửi mình thông tin qua https://shope.ee/t4qmz2o5 nhé,0
"Cơ hội làm giàu không khó, truy cập https://bit.ly/st18afyn",3
"Web cá độ uy tín, nạp đầu tặng 100%, link https://t.me/l8dz5cz2",3
"Cần thuê phòng gấp, alo mình 0919456509",0
"Bán số lô số đề chuẩn 100%, add zalo 0983129208",3
"Tài khoản bị khóa, vào https://t.me/h89gdmvg để mở",3
Tư vấn cho mình qua zalo 0348993063 với ạ,0
Bạn ơi gọi mình số 0331371552 để chốt lịch nhé,0
Link đăng ký sự kiện cho ai cần: https://t.me/f1f3sg5k,0
"Vay vốn nhanh không thế chấp, alo 0885765450",3
"Bên mình cung cấp phôi bằng các loại, alo 0988005454",3
"Mình cần đặt lịch khám, sđt 0777899311",0
"Tuyển CTV online lương 10tr/tháng, ib zalo 0775927703",3
Gọi mình số 0902987134 để lấy mã xác nhận đơn hàng,0
Tư vấn cho mình qua zalo 0797925309 với ạ,0
"Thu mua sim số đẹp giá cao, liên hệ 0905773251",3
"Việc nhẹ lương cao tại nhà, liên hệ ngay 0351952190",3
"Ai cần tư vấn cứ gọi 0333397638, mình rảnh lúc 5h",0
"Vay vốn nhanh không thế chấp, alo 0984922492",3
Gửi mình thông tin qua https://bit.ly/zbphwy9h nhé,0
Nhận quà tri ân từ Shopee tại https://gg.gg/82ewz0pj,3
"Game nổ hũ cực lớn, click https://t.me/qfokwpu3 nhận code",3
"Số của mình là 0342512645, có gì alo nha",0
"Tài khoản bị khóa, vào https://t.me/o2frpezs để mở",3
"Shop ơi số mình 0388746199, ship cho mình nhé",0
"Bạn trúng thưởng 1 xe SH, xác thực tại https://zalo.me/1bkb9zpk",3
"Kiếm tiền triệu mỗi ngày, click https://shope.ee/wk60g74g",3
Tư vấn cho mình qua zalo 0883185528 với ạ,0
Tư vấn cho mình qua zalo 0351626752 với ạ,0
Link đăng ký sự kiện cho ai cần: https://zalo.me/bhyypjw4,0
Link shopee mình mua cái này nè: https://shope.ee/i7cwg8jc,0
"Hack vàng, hack kim cương cực uy tín tại https://gg.gg/wnyat1ym",3
Nhận ngay 500k tiền thưởng tại https://bit.ly/x34vdbbm,3
Check inbox hoặc gọi mình 0352504915 để lấy hàng,0
Nhận quà tri ân từ Shopee tại https://bit.ly/1b5kujem,3
"Dịch vụ thám tử tư bảo mật, hotline 0359424056",3
"Kiếm tiền triệu mỗi ngày, click https://tinyurl.com/uj651iyf",3
Đây là link driver ảnh hôm qua nhé: https://t.me/7okg4f76,0
"Hack vàng, hack kim cương cực uy tín tại https://gg.gg/5isqm7zf",3
Gọi mình số 0989085106 để lấy mã xác nhận đơn hàng,0
Link tài liệu học tập đây nhé mn: https://zalo.me/m40ib0eh,0
"Check đơn giúp mình, sđt mình 0885182860",0
Shop gọi lại số 0384111832 tư vấn tour nhé,0
"Kiếm tiền triệu mỗi ngày, click https://t.me/zibh64ar",3
Link tài liệu học tập đây nhé mn: https://tinyurl.com/yv3nszdp,0
"Việc nhẹ lương cao tại nhà, liên hệ ngay 0341465604",3
Cho mình đặt phòng số 0881285752 nhé shop,0
Check inbox hoặc gọi mình 0887443248 để lấy hàng,0
Tư vấn cho mình qua zalo 0381201944 với ạ,0
